Method,Metric,Mean,Std,CI95_L,CI95_U,N
AHP_WeightedSum,NDCG@10,0.5103859705796672,0.024517885308809405,0.4799429950796295,0.5408289460797049,5
AHP_WeightedSum,MAP@10,0.0,0.0,0.0,0.0,5
AHP_WeightedSum,Recall@10,0.0,0.0,0.0,0.0,5
AHP_WeightedSum,HitRate@10,0.0,0.0,0.0,0.0,5
AHP_WeightedSum,TopKOverlap@10,0.0,0.0,0.0,0.0,5
AHP_WeightedSum,Regret@10,0.47737776994705194,0.005615010010737144,0.47040581416716587,0.484349725726938,5
AHP_WeightedSum,NDCG@25,0.5157614970533959,0.01142650899662978,0.5015736122071293,0.5299493818996626,5
AHP_WeightedSum,MAP@25,0.0,0.0,0.0,0.0,5
AHP_WeightedSum,Recall@25,0.0,0.0,0.0,0.0,5
AHP_WeightedSum,HitRate@25,0.0,0.0,0.0,0.0,5
AHP_WeightedSum,TopKOverlap@25,0.0,0.0,0.0,0.0,5
AHP_WeightedSum,Regret@25,0.45279999697208406,0.007950462912994552,0.4429281934039645,0.4626718005402036,5
AHP_WeightedSum,NDCG@50,0.5621716859359389,0.009532584456337808,0.5503354190066674,0.5740079528652104,5
AHP_WeightedSum,MAP@50,0.005899918975034182,0.0012627597621910583,0.0043319956399411955,0.007467842310127169,5
AHP_WeightedSum,Recall@50,0.076,0.00894427190999916,0.06489421957920881,0.08710578042079119,5
AHP_WeightedSum,HitRate@50,1.0,0.0,1.0,1.0,5
AHP_WeightedSum,TopKOverlap@50,0.076,0.00894427190999916,0.06489421957920881,0.08710578042079119,5
AHP_WeightedSum,Regret@50,0.3800977764725685,0.0012720740580822979,0.37851828791159875,0.3816772650335382,5
AHP_WeightedSum,NDCG@100,0.5829376747657611,0.007673251022221196,0.5734100752222888,0.5924652743092333,5
AHP_WeightedSum,MAP@100,0.024366183471871316,0.007512823958265037,0.015037780438050903,0.03369458650569173,5
AHP_WeightedSum,Recall@100,0.14,0.022360679774997894,0.11223554894802203,0.167764451051978,5
AHP_WeightedSum,HitRate@100,1.0,0.0,1.0,1.0,5
AHP_WeightedSum,TopKOverlap@100,0.14,0.022360679774997894,0.11223554894802203,0.167764451051978,5
AHP_WeightedSum,Regret@100,0.3441688880026339,0.0008248604225983962,0.3431446885123503,0.3451930874929175,5
AHP_WeightedSum,NDCG_full,0.9193517623507308,0.002874536117446585,0.9157825543421609,0.9229209703593007,5
AHP_WeightedSum,NDCG@10pct,0.5843903755204501,0.006744469073006542,0.5760160110854992,0.5927647399554011,5
AHP_WeightedSum,P@10pct,0.136993699369937,0.025762079308728446,0.10500585297341872,0.16898154576645527,5
AHP_WeightedSum,Spearman,0.002116874542499423,0.01590303314339991,-0.017629349173901524,0.021863098258900367,5
AHP_WeightedSum,KendallTau,0.0013388096271730785,0.010138204917783267,-0.01124943442565078,0.013927053679996937,5
AHP_WeightedSum,PairwiseAccuracy,0.5034400000000001,0.013342713367227827,0.48687283317356117,0.5200071668264391,5
GradientBoostedRanker,NDCG@10,0.5986537799995868,0.12086161383902011,0.44858426533086937,0.7487232946683042,5
GradientBoostedRanker,MAP@10,0.0,0.0,0.0,0.0,5
GradientBoostedRanker,Recall@10,0.0,0.0,0.0,0.0,5
GradientBoostedRanker,HitRate@10,0.0,0.0,0.0,0.0,5
GradientBoostedRanker,TopKOverlap@10,0.0,0.0,0.0,0.0,5
GradientBoostedRanker,Regret@10,0.3877333252131939,0.08293038269301914,0.28476165466601133,0.4907049957603765,5
GradientBoostedRanker,NDCG@25,0.5725792786933023,0.06330110464809477,0.49398057600523393,0.6511779813813706,5
GradientBoostedRanker,MAP@25,0.00208,0.0028481572990268636,-0.0014564543794229365,0.005616454379422936,5
GradientBoostedRanker,Recall@25,0.032,0.04381780460041329,-0.022406990452660557,0.08640699045266056,5
GradientBoostedRanker,HitRate@25,0.4,0.5477225575051662,-0.280087380658257,1.0800873806582572,5
GradientBoostedRanker,TopKOverlap@25,0.032,0.04381780460041329,-0.022406990452660557,0.08640699045266056,5
GradientBoostedRanker,Regret@25,0.40759110558032996,0.037969428747167876,0.36044583287260845,0.45473637828805147,5
GradientBoostedRanker,NDCG@50,0.5707786692939566,0.040792044829579585,0.5201286558159536,0.6214286827719596,5
GradientBoostedRanker,MAP@50,0.013441954887218046,0.012645167246695184,-0.002259094034268808,0.029143003808704902,5
GradientBoostedRanker,Recall@50,0.052000000000000005,0.02683281572999748,0.018682658737626416,0.08531734126237359,5
GradientBoostedRanker,HitRate@50,1.0,0.0,1.0,1.0,5
GradientBoostedRanker,TopKOverlap@50,0.052000000000000005,0.02683281572999748,0.018682658737626416,0.08531734126237359,5
GradientBoostedRanker,Regret@50,0.3920577745884657,0.016160342201907197,0.37199205947770453,0.41212348969922685,5
GradientBoostedRanker,NDCG@100,0.5943517767738092,0.026656937410575055,0.561252817288727,0.6274507362588915,5
GradientBoostedRanker,MAP@100,0.019070222633653565,0.008243101867732925,0.008835059810963367,0.029305385456343765,5
GradientBoostedRanker,Recall@100,0.11399999999999999,0.018165902124584955,0.09144405333700954,0.13655594666299045,5
GradientBoostedRanker,HitRate@100,1.0,0.0,1.0,1.0,5
GradientBoostedRanker,TopKOverlap@100,0.11399999999999999,0.018165902124584955,0.09144405333700954,0.13655594666299045,5
GradientBoostedRanker,Regret@100,0.34481999813020225,0.0152606983770699,0.3258713383679479,0.3637686578924566,5
GradientBoostedRanker,NDCG_full,0.922509930215756,0.005585155279114603,0.9155750439813017,0.9294448164502103,5
GradientBoostedRanker,NDCG@10pct,0.5941898691144549,0.028432567040768034,0.5588861742434182,0.6294935639854916,5
GradientBoostedRanker,P@10pct,0.11335133513351334,0.01821481135100545,0.09073465964489656,0.13596801062213013,5
GradientBoostedRanker,Spearman,0.0070883618544039335,0.009441484761401253,-0.004634789863417479,0.018811513572225345,5
GradientBoostedRanker,KendallTau,0.0047853464050245055,0.006279247924902035,-0.0030113696791220597,0.01258206248917107,5
GradientBoostedRanker,PairwiseAccuracy,0.49924,0.007111118055552193,0.49041038072344406,0.5080696192765559,5
MultiObjective_WeightedSum,NDCG@10,0.517093027762126,0.060845707381034994,0.4415431034618536,0.5926429520623983,5
MultiObjective_WeightedSum,MAP@10,0.0,0.0,0.0,0.0,5
MultiObjective_WeightedSum,Recall@10,0.0,0.0,0.0,0.0,5
MultiObjective_WeightedSum,HitRate@10,0.0,0.0,0.0,0.0,5
MultiObjective_WeightedSum,TopKOverlap@10,0.0,0.0,0.0,0.0,5
MultiObjective_WeightedSum,Regret@10,0.46217777132987975,0.0317024795221041,0.4228139438534909,0.5015415988062686,5
MultiObjective_WeightedSum,NDCG@25,0.5489674550905459,0.02389277804132545,0.5193006527795586,0.5786342574015332,5
MultiObjective_WeightedSum,MAP@25,0.0006153846153846154,0.0013760418323075629,-0.0010931969878140296,0.0023239662185832607,5
MultiObjective_WeightedSum,Recall@25,0.008,0.01788854381999832,-0.014211560841582389,0.03021156084158239,5
MultiObjective_WeightedSum,HitRate@25,0.2,0.44721359549995804,-0.3552890210395599,0.75528902103956,5
MultiObjective_WeightedSum,TopKOverlap@25,0.008,0.01788854381999832,-0.014211560841582389,0.03021156084158239,5
MultiObjective_WeightedSum,Regret@25,0.4067111096382142,0.0012919479109530076,0.4051069444296293,0.40831527484679914,5
MultiObjective_WeightedSum,NDCG@50,0.546748903874956,0.0075685722067604065,0.5373512802480159,0.5561465275018961,5
MultiObjective_WeightedSum,MAP@50,0.00605637011904293,0.0012677263067588317,0.004482280004364665,0.0076304602337211955,5
MultiObjective_WeightedSum,Recall@50,0.076,0.00894427190999916,0.06489421957920881,0.08710578042079119,5
MultiObjective_WeightedSum,HitRate@50,1.0,0.0,1.0,1.0,5
MultiObjective_WeightedSum,TopKOverlap@50,0.076,0.00894427190999916,0.06489421957920881,0.08710578042079119,5
MultiObjective_WeightedSum,Regret@50,0.4037199988365174,0.011508296544635211,0.38943056133639103,0.4180094363366437,5
MultiObjective_WeightedSum,NDCG@100,0.5753846224959422,0.008273532876810721,0.5651116745848511,0.5856575704070334,5
MultiObjective_WeightedSum,MAP@100,0.021078842064547056,0.006487305193089455,0.013023788760927546,0.029133895368166567,5
MultiObjective_WeightedSum,Recall@100,0.124,0.013416407864998738,0.10734132936881322,0.14065867063118678,5
MultiObjective_WeightedSum,HitRate@100,1.0,0.0,1.0,1.0,5
MultiObjective_WeightedSum,TopKOverlap@100,0.124,0.013416407864998738,0.10734132936881322,0.14065867063118678,5
MultiObjective_WeightedSum,Regret@100,0.3548733319547027,0.0027677558543718708,0.3514367091545115,0.35830995475489397,5
MultiObjective_WeightedSum,NDCG_full,0.9196312474151757,0.00349898934768618,0.9152866783120552,0.9239758165182961,5
MultiObjective_WeightedSum,NDCG@10pct,0.5763738894988751,0.010597956890607402,0.5632147879732924,0.5895329910244579,5
MultiObjective_WeightedSum,P@10pct,0.11913191319131915,0.021423673591807163,0.09253090898310341,0.14573291739953487,5
MultiObjective_WeightedSum,Spearman,0.003121323340150076,0.016416442459575405,-0.017262382240488396,0.02350502892078855,5
MultiObjective_WeightedSum,KendallTau,0.0014733966466794312,0.01016745242967873,-0.011151162988702062,0.014097956282060923,5
MultiObjective_WeightedSum,PairwiseAccuracy,0.5029199999999999,0.012152859745755312,0.48783023157847577,0.518009768421524,5
PRIME-EV,NDCG@10,0.5571967963856111,0.08404785276214675,0.4528376034845225,0.6615559892866998,5
PRIME-EV,MAP@10,0.0,0.0,0.0,0.0,5
PRIME-EV,Recall@10,0.0,0.0,0.0,0.0,5
PRIME-EV,HitRate@10,0.0,0.0,0.0,0.0,5
PRIME-EV,TopKOverlap@10,0.0,0.0,0.0,0.0,5
PRIME-EV,Regret@10,0.4351333223283291,0.0768072907377394,0.3397644746197085,0.5305021700369497,5
PRIME-EV,NDCG@25,0.5485868234982989,0.06755217186813224,0.46470972368916585,0.632463923307432,5
PRIME-EV,MAP@25,0.004421052631578948,0.008756477618141231,-0.006451550377944087,0.015293655641101984,5
PRIME-EV,Recall@25,0.016,0.021908902300206645,-0.011203495226330278,0.04320349522633028,5
PRIME-EV,HitRate@25,0.4,0.5477225575051662,-0.280087380658257,1.0800873806582572,5
PRIME-EV,TopKOverlap@25,0.016,0.021908902300206645,-0.011203495226330278,0.04320349522633028,5
PRIME-EV,Regret@25,0.42418666195869453,0.05729807082900189,0.35304171024379344,0.4953316136735956,5
PRIME-EV,NDCG@50,0.5471247736171806,0.03690958131360823,0.5012954753112988,0.5929540719230624,5
PRIME-EV,MAP@50,0.0030031105431563097,0.005170043290706395,-0.003416346080068751,0.00942256716638137,5
PRIME-EV,Recall@50,0.028000000000000004,0.017888543819998316,0.005788439158417619,0.05021156084158239,5
PRIME-EV,HitRate@50,1.0,0.0,1.0,1.0,5
PRIME-EV,TopKOverlap@50,0.028000000000000004,0.017888543819998316,0.005788439158417619,0.05021156084158239,5
PRIME-EV,Regret@50,0.41050666561722765,0.024191512841573497,0.38046893505976176,0.44054439617469354,5
PRIME-EV,NDCG@100,0.5696654521357659,0.03241860604308784,0.5294124361401127,0.6099184681314191,5
PRIME-EV,MAP@100,0.006550119175577405,0.00327708760754124,0.0024810774743337337,0.010619160876821077,5
PRIME-EV,Recall@100,0.07200000000000001,0.013038404810405297,0.05581068215291295,0.08818931784708707,5
PRIME-EV,HitRate@100,1.0,0.0,1.0,1.0,5
PRIME-EV,TopKOverlap@100,0.07200000000000001,0.013038404810405297,0.05581068215291295,0.08818931784708707,5
PRIME-EV,Regret@100,0.36427777707576753,0.02395884794489897,0.3345289381441482,0.39402661600738687,5
PRIME-EV,NDCG_full,0.9189282007959617,0.005815592282881492,0.9117071892300761,0.9261492123618473,5
PRIME-EV,NDCG@10pct,0.5706690136918379,0.030523005258777675,0.5327696969450294,0.6085683304386463,5
PRIME-EV,P@10pct,0.07346734673467346,0.01765829436706267,0.051541678349407385,0.09539301511993954,5
PRIME-EV,Spearman,-0.005303814730073223,0.04104880387547678,-0.05627263667157999,0.045665007211433545,5
PRIME-EV,KendallTau,-0.0036805982758477797,0.02734640712903172,-0.03763564748818929,0.030274450936493728,5
PRIME-EV,PairwiseAccuracy,0.495,0.014576693726630872,0.4769006441867997,0.5130993558132002,5
Pareto_Balanced,NDCG@10,0.6316384550498688,0.11905638884720772,0.4838104232621426,0.7794664868375951,5
Pareto_Balanced,MAP@10,0.0,0.0,0.0,0.0,5
Pareto_Balanced,Recall@10,0.0,0.0,0.0,0.0,5
Pareto_Balanced,HitRate@10,0.0,0.0,0.0,0.0,5
Pareto_Balanced,TopKOverlap@10,0.0,0.0,0.0,0.0,5
Pareto_Balanced,Regret@10,0.34726665735244755,0.09649876153930008,0.22744761927784837,0.4670856954270467,5
Pareto_Balanced,NDCG@25,0.5943228053284276,0.07179939024919568,0.5051720873630188,0.6834735232938365,5
Pareto_Balanced,MAP@25,0.004,0.00223606797749979,0.0012235548948022015,0.006776445105197799,5
Pareto_Balanced,Recall@25,0.032,0.01788854381999832,0.009788439158417612,0.05421156084158239,5
Pareto_Balanced,HitRate@25,0.8,0.4472135954999579,0.24471097896044036,1.3552890210395598,5
Pareto_Balanced,TopKOverlap@25,0.032,0.01788854381999832,0.009788439158417612,0.05421156084158239,5
Pareto_Balanced,Regret@25,0.3854577729701997,0.04738476731010886,0.3266218133379748,0.44429373260242455,5
Pareto_Balanced,NDCG@50,0.5735376757843194,0.029134957922654664,0.5373618474425774,0.6097135041260613,5
Pareto_Balanced,MAP@50,0.00264,0.001475804865149861,0.0008075462305694532,0.0044724537694305466,5
Pareto_Balanced,Recall@50,0.032,0.01788854381999832,0.009788439158417612,0.05421156084158239,5
Pareto_Balanced,HitRate@50,0.8,0.4472135954999579,0.24471097896044036,1.3552890210395598,5
Pareto_Balanced,TopKOverlap@50,0.032,0.01788854381999832,0.009788439158417612,0.05421156084158239,5
Pareto_Balanced,Regret@50,0.39525333139300345,0.0014608968851993797,0.39343938832556336,0.39706727446044354,5
Pareto_Balanced,NDCG@100,0.5876155464386197,0.004759566743744655,0.581705763765864,0.5935253291113753,5
Pareto_Balanced,MAP@100,0.02147381863498681,0.007198264031132786,0.012535993337964112,0.030411643932009506,5
Pareto_Balanced,Recall@100,0.1,0.0,0.1,0.1,5
Pareto_Balanced,HitRate@100,1.0,0.0,1.0,1.0,5
Pareto_Balanced,TopKOverlap@100,0.1,0.0,0.1,0.1,5
Pareto_Balanced,Regret@100,0.355428887695074,0.015712105031392518,0.3359197325415977,0.37493804284855037,5
Pareto_Balanced,NDCG_full,0.9222419529262597,0.004949553379770456,0.916096270687411,0.9283876351651084,5
Pareto_Balanced,NDCG@10pct,0.5847944796381233,0.004263224866439478,0.5795009868052183,0.5900879724710282,5
Pareto_Balanced,P@10pct,0.09738973897389738,0.003622792402789939,0.092891448074387,0.10188802987340777,5
Pareto_Balanced,Spearman,0.00948388419798737,0.020583916471403462,-0.016074423826587816,0.03504219222256256,5
Pareto_Balanced,KendallTau,0.0065093381000270205,0.013466733351049736,-0.0102118198753814,0.023230496075435442,5
Pareto_Balanced,PairwiseAccuracy,0.50676,0.00857134761866535,0.49611726624581365,0.5174027337541863,5
Random,NDCG@10,0.5428924559563637,0.11675291889172046,0.39792455988331,0.6878603520294174,5
Random,MAP@10,0.0,0.0,0.0,0.0,5
Random,Recall@10,0.0,0.0,0.0,0.0,5
Random,HitRate@10,0.0,0.0,0.0,0.0,5
Random,TopKOverlap@10,0.0,0.0,0.0,0.0,5
Random,Regret@10,0.4464444339275361,0.08799849578059923,0.33717986982067993,0.5557089980343922,5
Random,NDCG@25,0.55375463447596,0.06617708164354087,0.4715849346929839,0.635924334258936,5
Random,MAP@25,0.002308498519024835,0.0020840627488501024,-0.0002792071662199155,0.004896204204269585,5
Random,Recall@25,0.032,0.01788854381999832,0.009788439158417612,0.05421156084158239,5
Random,HitRate@25,0.8,0.44721359549995804,0.24471097896044014,1.3552890210395598,5
Random,TopKOverlap@25,0.032,0.01788854381999832,0.009788439158417612,0.05421156084158239,5
Random,Regret@25,0.4148177720308304,0.04304515745009659,0.36137014972803283,0.468265394333628,5
Random,NDCG@50,0.5678097061096649,0.02746368232961154,0.5337090405028813,0.6019103717164485,5
Random,MAP@50,0.0048324292699032855,0.003700136556926994,0.00023810291872939596,0.009426755621077174,5
Random,Recall@50,0.052000000000000005,0.017888543819998316,0.02978843915841762,0.0742115608415824,5
Random,HitRate@50,1.0,0.0,1.0,1.0,5
Random,TopKOverlap@50,0.052000000000000005,0.017888543819998316,0.02978843915841762,0.0742115608415824,5
Random,Regret@50,0.3836355535686017,0.0077230559148019585,0.37404611308307745,0.3932249940541259,5
Random,NDCG@100,0.5866746673598391,0.022832539515270336,0.558324325056163,0.6150250096635151,5
Random,MAP@100,0.021744715119915735,0.01707749148465786,0.0005402087637846817,0.04294922147604679,5
Random,Recall@100,0.10600000000000001,0.028809720581775868,0.07022800715529884,0.14177199284470118,5
Random,HitRate@100,1.0,0.0,1.0,1.0,5
Random,TopKOverlap@100,0.10600000000000001,0.028809720581775868,0.07022800715529884,0.14177199284470118,5
Random,Regret@100,0.3461666654795408,0.012742053325252736,0.33034531660238187,0.3619880143566997,5
Random,NDCG_full,0.9200625879674666,0.0058805200761075935,0.9127609578982494,0.9273642180366839,5
Random,NDCG@10pct,0.5864616654671039,0.021320981256489565,0.5599881706345435,0.6129351602996642,5
Random,P@10pct,0.10717071707170718,0.02871633537443781,0.07151467727692248,0.14282675686649188,5
Random,Spearman,-0.009799572567923775,0.028412524828584914,-0.04507838174564831,0.025479236609800754,5
Random,KendallTau,-0.006730533395532795,0.019103614856477765,-0.03045080419837185,0.016989737407306263,5
Random,PairwiseAccuracy,0.49448,0.012028798776270224,0.4795442736178677,0.5094157263821323,5
RandomForestRanker,NDCG@10,0.5654204318265286,0.0650232146822853,0.48468344710806033,0.6461574165449968,5
RandomForestRanker,MAP@10,0.0,0.0,0.0,0.0,5
RandomForestRanker,Recall@10,0.0,0.0,0.0,0.0,5
RandomForestRanker,HitRate@10,0.0,0.0,0.0,0.0,5
RandomForestRanker,TopKOverlap@10,0.0,0.0,0.0,0.0,5
RandomForestRanker,Regret@10,0.41751110143959524,0.05068449348792831,0.3545779906084414,0.48044421227074907,5
RandomForestRanker,NDCG@25,0.5674013444526015,0.03733644306415333,0.5210420272788576,0.6137606616263453,5
RandomForestRanker,MAP@25,0.0025714285714285717,0.0036631089728451673,-0.0019769219616504507,0.007119779104507594,5
RandomForestRanker,Recall@25,0.024,0.03577708763999664,-0.020423121683164777,0.06842312168316478,5
RandomForestRanker,HitRate@25,0.4,0.5477225575051662,-0.280087380658257,1.0800873806582572,5
RandomForestRanker,TopKOverlap@25,0.024,0.03577708763999664,-0.020423121683164777,0.06842312168316478,5
RandomForestRanker,Regret@25,0.40087110418081295,0.023471436507825443,0.37172746648292054,0.43001474187870536,5
RandomForestRanker,NDCG@50,0.584456819154669,0.043550225549820215,0.5303820719758033,0.6385315663335346,5
RandomForestRanker,MAP@50,0.007094819405829222,0.004497840378885768,0.0015100129376995758,0.012679625873958869,5
RandomForestRanker,Recall@50,0.064,0.03847076812334269,0.016232232238000306,0.1117677677619997,5
RandomForestRanker,HitRate@50,0.8,0.4472135954999579,0.24471097896044036,1.3552890210395598,5
RandomForestRanker,TopKOverlap@50,0.064,0.03847076812334269,0.016232232238000306,0.1117677677619997,5
RandomForestRanker,Regret@50,0.3674222188740969,0.03194301796876577,0.3277597234683044,0.40708471427988935,5
RandomForestRanker,NDCG@100,0.6019327232442416,0.025295790139920164,0.570523851321385,0.6333415951670983,5
RandomForestRanker,MAP@100,0.015945798703081097,0.007485147413157307,0.0066517606389156145,0.02523983676724658,5
RandomForestRanker,Recall@100,0.11399999999999999,0.03781534080237807,0.06704605274588121,0.16095394725411877,5
RandomForestRanker,HitRate@100,1.0,0.0,1.0,1.0,5
RandomForestRanker,TopKOverlap@100,0.11399999999999999,0.03781534080237807,0.06704605274588121,0.16095394725411877,5
RandomForestRanker,Regret@100,0.33324444235861306,0.01404460083646083,0.31580576713083713,0.350683117586389,5
RandomForestRanker,NDCG_full,0.9225098963805735,0.004130593177679317,0.917381087540623,0.9276387052205239,5
RandomForestRanker,NDCG@10pct,0.602589863016761,0.02731140709636922,0.5686782720849125,0.6365014539486095,5
RandomForestRanker,P@10pct,0.11517151715171517,0.03772045270515892,0.06833538903177147,0.16200764527165887,5
RandomForestRanker,Spearman,0.017317051950791414,0.007674027529060941,0.007788488246731836,0.026845615654850993,5
RandomForestRanker,KendallTau,0.011303904432924403,0.005375820157368644,0.004628942082701651,0.017978866783147154,5
RandomForestRanker,PairwiseAccuracy,0.5017600000000001,0.0051252317020794415,0.4953961843130754,0.5081238156869248,5
RidgeRanker,NDCG@10,0.5544949622361077,0.03348780202801577,0.5129143640789454,0.59607556039327,5
RidgeRanker,MAP@10,0.0,0.0,0.0,0.0,5
RidgeRanker,Recall@10,0.0,0.0,0.0,0.0,5
RidgeRanker,HitRate@10,0.0,0.0,0.0,0.0,5
RidgeRanker,TopKOverlap@10,0.0,0.0,0.0,0.0,5
RidgeRanker,Regret@10,0.41424443334341055,0.021655613175577324,0.38735543810426903,0.44113342858255206,5
RidgeRanker,NDCG@25,0.5547099286022548,0.04510281845034436,0.4987073827149416,0.610712474489568,5
RidgeRanker,MAP@25,0.0,0.0,0.0,0.0,5
RidgeRanker,Recall@25,0.0,0.0,0.0,0.0,5
RidgeRanker,HitRate@25,0.0,0.0,0.0,0.0,5
RidgeRanker,TopKOverlap@25,0.0,0.0,0.0,0.0,5
RidgeRanker,Regret@25,0.4073599939942361,0.046747536948212,0.3493152603609409,0.4654047276275313,5
RidgeRanker,NDCG@50,0.5700256537361057,0.03556640285888111,0.5258641317606215,0.6141871757115899,5
RidgeRanker,MAP@50,0.009571856039466562,0.0060554030156926494,0.0020530801202664813,0.01709063195866664,5
RidgeRanker,Recall@50,0.064,0.03847076812334269,0.016232232238000306,0.1117677677619997,5
RidgeRanker,HitRate@50,0.8,0.4472135954999579,0.24471097896044036,1.3552890210395598,5
RidgeRanker,TopKOverlap@50,0.064,0.03847076812334269,0.016232232238000306,0.1117677677619997,5
RidgeRanker,Regret@50,0.3786177745461464,0.03712289512644053,0.3325236121585512,0.42471193693374165,5
RidgeRanker,NDCG@100,0.5833652935371754,0.02384110758726758,0.5537626485687626,0.6129679385055882,5
RidgeRanker,MAP@100,0.016853168634442674,0.006539079482362981,0.00873382905979964,0.024972508209085708,5
RidgeRanker,Recall@100,0.10200000000000001,0.021679483388678797,0.07508136597662095,0.12891863402337905,5
RidgeRanker,HitRate@100,1.0,0.0,1.0,1.0,5
RidgeRanker,TopKOverlap@100,0.10200000000000001,0.021679483388678797,0.07508136597662095,0.12891863402337905,5
RidgeRanker,Regret@100,0.3497066644243896,0.016284011172007132,0.3294873940057604,0.3699259348430188,5
RidgeRanker,NDCG_full,0.9197464215049329,0.003747986386026408,0.9150926817436461,0.9244001612662197,5
RidgeRanker,NDCG@10pct,0.5826437500063676,0.02510802846863375,0.5514680149909899,0.6138194850217453,5
RidgeRanker,P@10pct,0.10135013501350136,0.021229534477229885,0.07499018635449939,0.12771008367250333,5
RidgeRanker,Spearman,-0.014093120054339247,0.021152708966161688,-0.04035767724210423,0.01217143713342573,5
RidgeRanker,KendallTau,-0.009436492020017617,0.014155343724872477,-0.027012672705391372,0.008139688665356137,5
RidgeRanker,PairwiseAccuracy,0.48832000000000003,0.00857741219716065,0.4776697360770318,0.4989702639229683,5
ShallowTreeRanker,NDCG@10,0.5331181584483703,0.12244390560839637,0.3810839690549643,0.6851523478417763,5
ShallowTreeRanker,MAP@10,0.005,0.011180339887498949,-0.008882225525988992,0.018882225525988994,5
ShallowTreeRanker,Recall@10,0.02,0.044721359549995794,-0.03552890210395597,0.07552890210395598,5
ShallowTreeRanker,HitRate@10,0.2,0.447213595499958,-0.3552890210395598,0.7552890210395597,5
ShallowTreeRanker,TopKOverlap@10,0.02,0.044721359549995794,-0.03552890210395597,0.07552890210395598,5
ShallowTreeRanker,Regret@10,0.4725999937206507,0.09640547774127624,0.3528967827796734,0.592303204661628,5
ShallowTreeRanker,NDCG@25,0.5373702587810087,0.0504727815940289,0.4747000229865014,0.6000404945755161,5
ShallowTreeRanker,MAP@25,0.002,0.00447213595499958,-0.003552890210395597,0.007552890210395597,5
ShallowTreeRanker,Recall@25,0.008,0.01788854381999832,-0.014211560841582389,0.03021156084158239,5
ShallowTreeRanker,HitRate@25,0.2,0.447213595499958,-0.3552890210395598,0.7552890210395597,5
ShallowTreeRanker,TopKOverlap@25,0.008,0.01788854381999832,-0.014211560841582389,0.03021156084158239,5
ShallowTreeRanker,Regret@25,0.43435555109381674,0.014871432648498481,0.4158902285724641,0.4528208736151694,5
ShallowTreeRanker,NDCG@50,0.5472142385243948,0.03344612837546185,0.5056853850412824,0.5887430920075072,5
ShallowTreeRanker,MAP@50,0.0017904761904761902,0.00255101853741428,-0.0013770316861815492,0.00495798406713393,5
ShallowTreeRanker,Recall@50,0.024,0.00894427190999916,0.012894219579208806,0.0351057804207912,5
ShallowTreeRanker,HitRate@50,1.0,0.0,1.0,1.0,5
ShallowTreeRanker,TopKOverlap@50,0.024,0.00894427190999916,0.012894219579208806,0.0351057804207912,5
ShallowTreeRanker,Regret@50,0.4062222208529711,0.009394087702646279,0.3945579203566265,0.4178865213493157,5
ShallowTreeRanker,NDCG@100,0.5754676381518354,0.01611428926550409,0.5554591053142176,0.5954761709894533,5
ShallowTreeRanker,MAP@100,0.016549207311653075,0.006969111896357792,0.007895911970492026,0.025202502652814124,5
ShallowTreeRanker,Recall@100,0.098,0.008366600265340758,0.0876114936631643,0.10838850633683571,5
ShallowTreeRanker,HitRate@100,1.0,0.0,1.0,1.0,5
ShallowTreeRanker,TopKOverlap@100,0.098,0.008366600265340758,0.0876114936631643,0.10838850633683571,5
ShallowTreeRanker,Regret@100,0.3564866651371122,0.007726567213928558,0.3468928647978755,0.36608046547634887,5
ShallowTreeRanker,NDCG_full,0.9192003699675191,0.004416485471491574,0.913716578958978,0.9246841609760602,5
ShallowTreeRanker,NDCG@10pct,0.5745655506060997,0.01598302069734729,0.5547200092236579,0.5944110919885415,5
ShallowTreeRanker,P@10pct,0.09342934293429342,0.005147066950673558,0.08703841520529762,0.09982027066328922,5
ShallowTreeRanker,Spearman,-0.0029296231247761205,0.013528066813350505,-0.019726936652208593,0.013867690402656353,5
ShallowTreeRanker,KendallTau,-0.0019443646999963108,0.010098358613330333,-0.014483133031119495,0.010594403631126872,5
ShallowTreeRanker,PairwiseAccuracy,0.49996,0.00513887147144197,0.4935792483025141,0.5063407516974859,5
TOPSIS,NDCG@10,0.4944584539730961,0.020465763393196685,0.4690468523720073,0.519870055574185,5
TOPSIS,MAP@10,0.0,0.0,0.0,0.0,5
TOPSIS,Recall@10,0.0,0.0,0.0,0.0,5
TOPSIS,HitRate@10,0.0,0.0,0.0,0.0,5
TOPSIS,TopKOverlap@10,0.0,0.0,0.0,0.0,5
TOPSIS,Regret@10,0.49046665936708445,0.009987774102422792,0.47806519984191415,0.5028681188922548,5
TOPSIS,NDCG@25,0.5213285752022545,0.01117027382338811,0.5074588483456756,0.5351983020588335,5
TOPSIS,MAP@25,0.0,0.0,0.0,0.0,5
TOPSIS,Recall@25,0.0,0.0,0.0,0.0,5
TOPSIS,HitRate@25,0.0,0.0,0.0,0.0,5
TOPSIS,TopKOverlap@25,0.0,0.0,0.0,0.0,5
TOPSIS,Regret@25,0.43822221815586093,0.025342103567290934,0.40675584051760455,0.4696885957941173,5
TOPSIS,NDCG@50,0.5441474483239376,0.014831613045904772,0.5257315683695483,0.5625633282783269,5
TOPSIS,MAP@50,0.004723065919587659,0.0005876783814105252,0.003993366830867548,0.0054527650083077694,5
TOPSIS,Recall@50,0.06,0.0,0.06,0.06,5
TOPSIS,HitRate@50,1.0,0.0,1.0,1.0,5
TOPSIS,TopKOverlap@50,0.06,0.0,0.06,0.06,5
TOPSIS,Regret@50,0.39951555244624626,0.01541396145264294,0.3803765914407989,0.41865451345169363,5
TOPSIS,NDCG@100,0.5705296788815507,0.014999605559744798,0.5519052086707585,0.5891541490923429,5
TOPSIS,MAP@100,0.02364511371291316,0.004943948608030461,0.017506390717352112,0.02978383670847421,5
TOPSIS,Recall@100,0.142,0.017888543819998312,0.11978843915841761,0.16421156084158237,5
TOPSIS,HitRate@100,1.0,0.0,1.0,1.0,5
TOPSIS,TopKOverlap@100,0.142,0.017888543819998312,0.11978843915841761,0.16421156084158237,5
TOPSIS,Regret@100,0.35617999831587077,0.013048699153860003,0.33997789835313086,0.3723820982786107,5
TOPSIS,NDCG_full,0.9185251132092527,0.002331673146459895,0.9156299586077149,0.9214202678107904,5
TOPSIS,NDCG@10pct,0.5722770788111242,0.01776814621907533,0.550215011336078,0.5943391462861705,5
TOPSIS,P@10pct,0.14491449144914492,0.030189936689916153,0.10742873395322505,0.1824002489450648,5
TOPSIS,Spearman,-0.0010046714666899347,0.011740351845405927,-0.015582243679375628,0.013572900745995757,5
TOPSIS,KendallTau,-0.0008635796675166296,0.007646935486896716,-0.010358504158183074,0.008631344823149813,5
TOPSIS,PairwiseAccuracy,0.49660000000000004,0.01389676221283219,0.4793448906687278,0.5138551093312723,5
TwoStage_RiskUsage,NDCG@10,0.579130904336246,0.06448606312525855,0.49906088136771704,0.6592009273047751,5
TwoStage_RiskUsage,MAP@10,0.0,0.0,0.0,0.0,5
TwoStage_RiskUsage,Recall@10,0.0,0.0,0.0,0.0,5
TwoStage_RiskUsage,HitRate@10,0.0,0.0,0.0,0.0,5
TwoStage_RiskUsage,TopKOverlap@10,0.0,0.0,0.0,0.0,5
TwoStage_RiskUsage,Regret@10,0.4048444370925427,0.06435906725695792,0.32493210032160325,0.48475677386348215,5
TwoStage_RiskUsage,NDCG@25,0.5807645213614471,0.036957776440016146,0.5348753809022156,0.6266536618206785,5
TwoStage_RiskUsage,MAP@25,0.0014961514458081964,0.002489904976588617,-0.0015954739225702813,0.004587776814186674,5
TwoStage_RiskUsage,Recall@25,0.024,0.03577708763999664,-0.020423121683164777,0.06842312168316478,5
TwoStage_RiskUsage,HitRate@25,0.4,0.5477225575051662,-0.280087380658257,1.0800873806582572,5
TwoStage_RiskUsage,TopKOverlap@25,0.024,0.03577708763999664,-0.020423121683164777,0.06842312168316478,5
TwoStage_RiskUsage,Regret@25,0.3863288847208023,0.03274758914455956,0.3456673822520342,0.4269903871895704,5
TwoStage_RiskUsage,NDCG@50,0.5803060661905589,0.01894350312126249,0.5567846003650266,0.6038275320160912,5
TwoStage_RiskUsage,MAP@50,0.008238167781343238,0.006505227895246586,0.00016086050370468959,0.016315475058981788,5
TwoStage_RiskUsage,Recall@50,0.05600000000000001,0.03847076812334269,0.008232232238000313,0.1037677677619997,5
TwoStage_RiskUsage,HitRate@50,0.8,0.4472135954999579,0.24471097896044036,1.3552890210395598,5
TwoStage_RiskUsage,TopKOverlap@50,0.05600000000000001,0.03847076812334269,0.008232232238000313,0.1037677677619997,5
TwoStage_RiskUsage,Regret@50,0.37629333236813545,0.024399349777003164,0.34599753817044954,0.40658912656582136,5
TwoStage_RiskUsage,NDCG@100,0.6032873032202536,0.012899889402753942,0.5872699749680438,0.6193046314724634,5
TwoStage_RiskUsage,MAP@100,0.01341459500068663,0.004680397635760097,0.007603113759085291,0.01922607624228797,5
TwoStage_RiskUsage,Recall@100,0.08600000000000001,0.00894427190999916,0.07489421957920882,0.0971057804207912,5
TwoStage_RiskUsage,HitRate@100,1.0,0.0,1.0,1.0,5
TwoStage_RiskUsage,TopKOverlap@100,0.08600000000000001,0.00894427190999916,0.07489421957920882,0.0971057804207912,5
TwoStage_RiskUsage,Regret@100,0.33307555423676966,0.015433551983004187,0.313912268375067,0.3522388400984723,5
TwoStage_RiskUsage,NDCG_full,0.9220817717548767,0.0027347775549953286,0.9186860969217433,0.9254774465880101,5
TwoStage_RiskUsage,NDCG@10pct,0.6026879365580458,0.01217313645031452,0.5875729912824682,0.6178028818336233,5
TwoStage_RiskUsage,P@10pct,0.08752875287528752,0.0090168320289853,0.07633287716704586,0.09872462858352919,5
TwoStage_RiskUsage,Spearman,0.0010837560876239146,0.020967257261102355,-0.024950532394563393,0.02711804456981122,5
TwoStage_RiskUsage,KendallTau,0.0005309866009839247,0.013701895590072885,-0.01648216386035653,0.017544137062324376,5
TwoStage_RiskUsage,PairwiseAccuracy,0.49779999999999996,0.01029368738596624,0.48501869896408145,0.5105813010359185,5
VIKOR,NDCG@10,0.5535212754930182,0.04197037148199677,0.5014081762325848,0.6056343747534516,5
VIKOR,MAP@10,0.0,0.0,0.0,0.0,5
VIKOR,Recall@10,0.0,0.0,0.0,0.0,5
VIKOR,HitRate@10,0.0,0.0,0.0,0.0,5
VIKOR,TopKOverlap@10,0.0,0.0,0.0,0.0,5
VIKOR,Regret@10,0.4181777754426004,0.0349323532978876,0.3748035299800787,0.46155202090512204,5
VIKOR,NDCG@25,0.5359497812890636,0.013125022252801578,0.5196529136821365,0.5522466488959906,5
VIKOR,MAP@25,0.0004705882352941176,0.0010522672835293126,-0.0008359741671519051,0.0017771506377401403,5
VIKOR,Recall@25,0.008,0.01788854381999832,-0.014211560841582389,0.03021156084158239,5
VIKOR,HitRate@25,0.2,0.44721359549995804,-0.3552890210395599,0.75528902103956,5
VIKOR,TopKOverlap@25,0.008,0.01788854381999832,-0.014211560841582389,0.03021156084158239,5
VIKOR,Regret@25,0.43067555195093155,0.0037963460556156717,0.42596176572895067,0.4353893381729124,5
VIKOR,NDCG@50,0.5438943040297625,0.00933132938647473,0.5323079282751959,0.555480679784329,5
VIKOR,MAP@50,0.006324381557732685,0.0012240533820314938,0.004804518541384618,0.007844244574080752,5
VIKOR,Recall@50,0.06,0.0,0.06,0.06,5
VIKOR,HitRate@50,1.0,0.0,1.0,1.0,5
VIKOR,TopKOverlap@50,0.06,0.0,0.06,0.06,5
VIKOR,Regret@50,0.4094799968004227,0.0033093791832688817,0.4053708598121527,0.41358913378869266,5
VIKOR,NDCG@100,0.5940892132036081,0.020597004181168308,0.5685146546409989,0.6196637717662172,5
VIKOR,MAP@100,0.03194110689556502,0.009940074216629822,0.019598874601302267,0.044283339189827776,5
VIKOR,Recall@100,0.15600000000000003,0.03130495168499706,0.11712976852723084,0.19487023147276922,5
VIKOR,HitRate@100,1.0,0.0,1.0,1.0,5
VIKOR,TopKOverlap@100,0.15600000000000003,0.03130495168499706,0.11712976852723084,0.19487023147276922,5
VIKOR,Regret@100,0.3336777766421437,0.017267413879930638,0.31223745048534984,0.3551181027989376,5
VIKOR,NDCG_full,0.9206745686936889,0.003524059780702468,0.9162988705364727,0.9250502668509051,5
VIKOR,NDCG@10pct,0.5952251040076117,0.02188583279647206,0.5680502533535251,0.6223999546616984,5
VIKOR,P@10pct,0.15283528352835285,0.03461779407110386,0.10985161493303139,0.1958189521236743,5
VIKOR,Spearman,0.008934469457533716,0.026505957959263172,-0.023977024278385942,0.04184596319345338,5
VIKOR,KendallTau,0.005595493866782459,0.0171028589947296,-0.015640510413328746,0.026831498146893663,5
VIKOR,PairwiseAccuracy,0.49955999999999995,0.016306685745423568,0.479312575379885,0.519807424620115,5
