Dataset,Protocol,Method,Seeds,Stations,NDCG_full,NDCG_full_SD,NDCG_full_CI95_L,NDCG_full_CI95_U,NDCG_at_10_percent,NDCG_at_10_percent_SD,NDCG_at_10_percent_CI95_L,NDCG_at_10_percent_CI95_U,TopKAgreement_at_10_percent,TopKAgreement_at_10_percent_SD,TopKAgreement_at_10_percent_CI95_L,TopKAgreement_at_10_percent_CI95_U,Spearman,Spearman_SD,Spearman_CI95_L,Spearman_CI95_U,KendallTau,KendallTau_SD,KendallTau_CI95_L,KendallTau_CI95_U,PairwiseAccuracy,PairwiseAccuracy_SD,PairwiseAccuracy_CI95_L,PairwiseAccuracy_CI95_U,Regret_at_10_percent,Regret_at_10_percent_SD,Regret_at_10_percent_CI95_L,Regret_at_10_percent_CI95_U,NDCG@10,NDCG@10_SD,NDCG@10_CI95_L,NDCG@10_CI95_U,NDCG@25,NDCG@25_SD,NDCG@25_CI95_L,NDCG@25_CI95_U,NDCG@50,NDCG@50_SD,NDCG@50_CI95_L,NDCG@50_CI95_U,NDCG@100,NDCG@100_SD,NDCG@100_CI95_L,NDCG@100_CI95_U
External_PaloAlto_Usage,zero-shot demand-head transfer,PRIME_DemandHead,5,33,0.867551474072396,0.0,0.867551474072396,0.867551474072396,0.5540254047611097,0.0,0.5540254047611097,0.5540254047611097,0.0,0.0,0.0,0.0,0.44166225669425907,0.0,0.44166225669425907,0.44166225669425907,0.3679518737952694,0.0,0.3679518737952694,0.3679518737952694,0.6206,0.009476286192385715,0.6088336365982392,0.6323663634017609,0.4053030303030304,0.0,0.4053030303030304,0.4053030303030304,0.6572456216069706,0.0,0.6572456216069706,0.6572456216069706,0.8412266340304446,1.2412670766236366e-16,0.8412266340304445,0.8412266340304447,0.867551474072396,0.0,0.867551474072396,0.867551474072396,0.867551474072396,0.0,0.867551474072396,0.867551474072396
External_PaloAlto_Usage,zero-shot demand-head transfer,Random,5,33,0.8414083447953512,0.04796969462233285,0.7818461019779717,0.9009705876127307,0.5653793220533234,0.15417353907238598,0.37394758911148,0.7568110549951668,0.15,0.13693063937629155,0.0,0.3200218451645642,0.031098482427346065,0.10141979336729597,-0.09483082370209048,0.1570277885567826,0.018286012835299775,0.0594710419440275,-0.05555703888226529,0.09212906455286485,0.5018,0.030285309970347014,0.46419582093537853,0.5394041790646215,0.4280303030303031,0.09975147032017952,0.30417249356584464,0.5518881124947616,0.5981266735881905,0.09946480082464647,0.47462481131571865,0.7216285358606623,0.7251371568725946,0.05954183140099334,0.6512062084348627,0.7990681053103266,0.8414083447953512,0.04796969462233285,0.7818461019779717,0.9009705876127307,0.8414083447953512,0.04796969462233285,0.7818461019779717,0.9009705876127307
External_PaloAlto_Usage,zero-shot demand-head transfer,Ridge_SourcePriority,5,33,0.7758526751190349,0.0,0.7758526751190349,0.7758526751190349,0.31596213549192936,0.0,0.31596213549192936,0.31596213549192936,0.0,0.0,0.0,0.0,0.03166894526191673,0.0,0.03166894526191673,0.03166894526191673,0.02910027655870246,3.878959614448864e-18,0.029100276558702457,0.029100276558702464,0.5204,0.012700393694685229,0.5046303783862952,0.5361696216137047,0.6590909090909092,0.0,0.6590909090909092,0.6590909090909092,0.39518863404049076,0.0,0.39518863404049076,0.39518863404049076,0.6999747635010348,0.0,0.6999747635010348,0.6999747635010348,0.7758526751190349,0.0,0.7758526751190349,0.7758526751190349,0.7758526751190349,0.0,0.7758526751190349,0.7758526751190349
External_PaloAlto_Usage,zero-shot demand-head transfer,Source_DirectPriorityHead,5,33,0.8683505940309317,0.010693717127604854,0.8550725904666098,0.8816285975952537,0.6199664765917478,0.06587280352647708,0.5381745879921711,0.7017583651913244,0.0,0.0,0.0,0.0,0.2765610905210719,0.19393761215706284,0.035755739608041875,0.5173664414341019,0.22032044224677025,0.16935331896006037,0.010040523117743949,0.43060036137579655,0.5793999999999999,0.05995248118301694,0.5049591625120591,0.6538408374879408,0.39242424242424245,0.036783404200940055,0.346751613696558,0.4380968711519269,0.6271970092625324,0.0366980934628183,0.581630307807034,0.6727637107180309,0.8283677517350609,0.027633559203944762,0.7940561561292904,0.8626793473408315,0.8683505940309317,0.010693717127604854,0.8550725904666098,0.8816285975952537,0.8683505940309317,0.010693717127604854,0.8550725904666098,0.8816285975952537
External_PaloAlto_Usage,zero-shot demand-head transfer,Source_RiskHead_NegativeControl,5,33,0.867551474072396,0.0,0.867551474072396,0.867551474072396,0.5540254047611097,0.0,0.5540254047611097,0.5540254047611097,0.0,0.0,0.0,0.0,0.44166225669425907,0.0,0.44166225669425907,0.44166225669425907,0.3679518737952694,0.0,0.3679518737952694,0.3679518737952694,0.6206,0.009476286192385715,0.6088336365982392,0.6323663634017609,0.4053030303030304,0.0,0.4053030303030304,0.4053030303030304,0.6572456216069706,0.0,0.6572456216069706,0.6572456216069706,0.8412266340304446,1.2412670766236366e-16,0.8412266340304445,0.8412266340304447,0.867551474072396,0.0,0.867551474072396,0.867551474072396,0.867551474072396,0.0,0.867551474072396,0.867551474072396
External_Public_Stations,zero-shot source-to-external,PRIME_CommonCore_Full,5,1148,0.9060297914566962,0.0013067352417156393,0.9044072653518738,0.9076523175615185,0.5858065259543999,0.014740549683578762,0.5675037160985662,0.6041093358102335,0.1269565217391304,0.014550609157114359,0.10888955419680746,0.14502348928145337,0.024237619703365892,0.006781700083215812,0.015817026863421332,0.03265821254331045,0.01692319695708165,0.004752456963898413,0.011022242241996215,0.022824151672167087,0.50893,0.003376869852392892,0.5047370622776641,0.5131229377223359,0.29795952128465364,0.01563154386032414,0.27855039603694604,0.31736864653236124,0.506993003455817,0.0346940618862426,0.4639146358602161,0.5500713710514179,0.5272968839815849,0.028087969924094316,0.49242106294420684,0.562172705018963,0.5397838748268744,0.01282663475617993,0.5238575042320166,0.5557102454217322,0.582949078475973,0.01996886419439558,0.5581544587207717,0.6077436982311742
External_Public_Stations,zero-shot source-to-external,PRIME_DirectOnly,5,1148,0.9064977811500944,0.0013994799128394723,0.9047600973261123,0.9082354649740765,0.5819598411763631,0.017852938847445165,0.5597924897473571,0.6041271926053692,0.11478260869565218,0.016726420923192476,0.09401401401652187,0.1355512033747825,0.020329937863881237,0.006188985870393681,0.012645296923221602,0.02801457880454087,0.014370838310234899,0.004362020920012887,0.008954673974443226,0.01978700264602657,0.5056800000000001,0.003562232446093337,0.5012569042184527,0.5101030957815476,0.30489992425390067,0.0171028485702759,0.28366393291745834,0.326135915590343,0.5316459878710926,0.021901893583860348,0.5044511951155232,0.5588407806266621,0.5475290395356147,0.013627172395173078,0.5306086701752121,0.5644494088960174,0.5458624661374223,0.01287342246864151,0.5298780009244427,0.5618469313504019,0.5740124713760737,0.019947595399846908,0.5492442603173487,0.5987806824347987
External_Public_Stations,zero-shot source-to-external,PRIME_NoDemand,5,1148,0.8988672574230101,0.0,0.8988672574230101,0.8988672574230101,0.5174616950800738,0.0,0.5174616950800738,0.5174616950800738,0.09565217391304348,0.0,0.09565217391304348,0.09565217391304348,0.025455875813763483,3.878959614448864e-18,0.02545587581376348,0.025455875813763486,0.017881428577308827,0.0,0.017881428577308827,0.017881428577308827,0.50915,0.0033171900759528337,0.5050311645074905,0.5132688354925095,0.3522820784729585,0.0,0.3522820784729585,0.3522820784729585,0.4447325848300645,0.0,0.4447325848300645,0.4447325848300645,0.4879570898839073,6.206335383118183e-17,0.48795708988390724,0.48795708988390735,0.5082112593325223,0.0,0.5082112593325223,0.5082112593325223,0.5013621417679415,0.0,0.5013621417679415,0.5013621417679415
External_Public_Stations,zero-shot source-to-external,PRIME_NoDirectFusion,5,1148,0.9045615508150991,1.2412670766236366e-16,0.904561550815099,0.9045615508150993,0.5533429572377087,0.0,0.5533429572377087,0.5533429572377087,0.11304347826086955,1.5515838457795457e-17,0.11304347826086954,0.11304347826086956,0.03251562282189269,0.0,0.03251562282189269,0.03251562282189269,0.022979982373611485,0.0,0.022979982373611485,0.022979982373611485,0.5118799999999999,0.003540233043176658,0.507484220085036,0.5162757799149638,0.32494834116043014,0.0,0.32494834116043014,0.32494834116043014,0.5491917705660283,0.0,0.5491917705660283,0.5491917705660283,0.4722353280003563,0.0,0.4722353280003563,0.4722353280003563,0.5078923105079193,0.0,0.5078923105079193,0.5078923105079193,0.5465459556936513,0.0,0.5465459556936513,0.5465459556936513
External_Public_Stations,zero-shot source-to-external,PRIME_NoRisk,5,1148,0.8961740905836784,1.2412670766236366e-16,0.8961740905836783,0.8961740905836785,0.5169128769733425,0.0,0.5169128769733425,0.5169128769733425,0.10434782608695652,0.0,0.10434782608695652,0.10434782608695652,-0.004984428392763144,0.0,-0.004984428392763144,-0.004984428392763144,-0.003975331304941666,0.0,-0.003975331304941666,-0.003975331304941666,0.49671000000000004,0.0018287290668658387,0.494439332955204,0.4989806670447961,0.3461536130889258,0.0,0.3461536130889258,0.3461536130889258,0.4178257536327733,6.206335383118183e-17,0.41782575363277324,0.41782575363277336,0.46106745037008234,0.0,0.46106745037008234,0.46106745037008234,0.45476140856099656,0.0,0.45476140856099656,0.45476140856099656,0.5055548047876524,0.0,0.5055548047876524,0.5055548047876524
External_Public_Stations,zero-shot source-to-external,Random,5,1148,0.8956742148782496,0.0035970799868711404,0.8912078501598925,0.9001405795966068,0.497880491169414,0.025942291144808307,0.46566888222398517,0.5300921001148429,0.09913043478260869,0.020018894666471894,0.07427369399141714,0.12398717557380023,-0.004784305932799527,0.024731588285063395,-0.03549262872476078,0.025924016859161722,-0.002971308640877476,0.017075784085765995,-0.02417369498127393,0.01823107769951898,0.49738,0.010562173071863584,0.48426532995386967,0.5104946700461303,0.3662874412967731,0.02115467471751691,0.3400204433063209,0.3925544392872253,0.4330912413247974,0.04175844584392773,0.38124128249945066,0.4849412001501442,0.4606775042253992,0.04243679194289599,0.4079852674706416,0.5133697409801569,0.46374911038764666,0.031099097531707486,0.42513448060589787,0.5023637401693954,0.49435924462792585,0.0310014168110168,0.45586590148037726,0.5328525877754744
External_Public_Stations,zero-shot source-to-external,Ridge_CommonCore,5,1148,0.904642507949702,1.2412670766236366e-16,0.9046425079497019,0.9046425079497021,0.5946457418095128,0.0,0.5946457418095128,0.5946457418095128,0.1565217391304348,0.0,0.1565217391304348,0.1565217391304348,-0.01028738840848016,0.0,-0.01028738840848016,-0.01028738840848016,-0.0069316062748540404,0.0,-0.0069316062748540404,-0.0069316062748540404,0.49397,0.0037625789028271515,0.4892981412359585,0.49864185876404155,0.28869125890016645,0.0,0.28869125890016645,0.28869125890016645,0.4877274552551244,0.0,0.4877274552551244,0.4877274552551244,0.5264648847497472,0.0,0.5264648847497472,0.5264648847497472,0.5686996068711899,0.0,0.5686996068711899,0.5686996068711899,0.5954840664490444,0.0,0.5954840664490444,0.5954840664490444
Source_MAIN,operator-disjoint internal,PRIME_CommonCore_Full,5,1002,0.9172062025699086,0.0014365234576972073,0.9154225231099108,0.9189898820299064,0.56693329137371,0.00671956069287106,0.5585898547776268,0.5752767279697931,0.04554455445544554,0.005422995618863032,0.038811016033086565,0.05227809287780452,0.025475350703427595,0.0016438426740846028,0.023434250436305735,0.027516450970549455,0.016854381195333855,0.0012927893482494875,0.015249171204351155,0.018459591186316557,0.50755,0.0038378053624435,0.5027847352493405,0.5123152647506594,0.3546490620268454,0.004029261460822909,0.34964607313159163,0.3596520509220991,0.48307066664779275,0.023808606002046477,0.4535083777276335,0.512632955567952,0.5088112045737992,0.0141801424011665,0.4912042322648681,0.5264181768827304,0.5347176682952427,0.014027566430087813,0.517300144076591,0.5521351925138944,0.5649746716476511,0.007552644914540112,0.55559682436605,0.5743525189292523
Source_MAIN,operator-disjoint internal,PRIME_DirectOnly,5,1002,0.9182428895551105,0.0005738145056510515,0.9175304047417965,0.9189553743684244,0.567957982320383,0.005135923342670588,0.5615808912082546,0.5743350734325113,0.033663366336633666,0.011288865595040972,0.01964638834671015,0.047680344326557184,0.02707563185666515,0.0017507759861959534,0.024901756345685942,0.02924950736764436,0.01781901629482342,0.001196034286490219,0.016333943580671185,0.019304089008975654,0.50895,0.0038708849117482045,0.5041436615638921,0.5137563384361079,0.35766336345436556,0.004553954447166252,0.3520088821678593,0.3633178447408718,0.49170313569023855,0.017448369364744858,0.47003812362267333,0.5133681477578038,0.5198605030450649,0.005365880385269165,0.5131978825520085,0.5265231235381214,0.5466323140779827,0.0030086282061972487,0.5428966087503673,0.5503680194055982,0.5674026000305263,0.004627350632671749,0.5616569853428725,0.5731482147181802
Source_MAIN,operator-disjoint internal,PRIME_NoDemand,5,1002,0.9226252177582532,0.0,0.9226252177582532,0.9226252177582532,0.5851317012899896,0.0,0.5851317012899896,0.5851317012899896,0.0891089108910891,0.0,0.0891089108910891,0.0891089108910891,-0.028733853918374973,0.0,-0.028733853918374973,-0.028733853918374973,-0.019051861965388897,0.0,-0.019051861965388897,-0.019051861965388897,0.49118000000000006,0.0028811022196374757,0.48760263909873125,0.49475736090126887,0.36588558742758076,0.0,0.36588558742758076,0.36588558742758076,0.6433062494669533,0.0,0.6433062494669533,0.6433062494669533,0.5833572942659568,0.0,0.5833572942659568,0.5833572942659568,0.563915159653877,0.0,0.563915159653877,0.563915159653877,0.5819150274810633,0.0,0.5819150274810633,0.5819150274810633
Source_MAIN,operator-disjoint internal,PRIME_NoDirectFusion,5,1002,0.9171473530732847,0.0,0.9171473530732847,0.9171473530732847,0.5515780396334473,0.0,0.5515780396334473,0.5515780396334473,0.04950495049504951,0.0,0.04950495049504951,0.04950495049504951,-0.012874884415200369,0.0,-0.012874884415200369,-0.012874884415200369,-0.009327044658055379,0.0,-0.009327044658055379,-0.009327044658055379,0.49646999999999997,0.003828609408127178,0.49171615353474424,0.5012238464652558,0.3799229918582605,0.0,0.3799229918582605,0.3799229918582605,0.5445572942716056,0.0,0.5445572942716056,0.5445572942716056,0.5219671379800934,0.0,0.5219671379800934,0.5219671379800934,0.5609993151429895,0.0,0.5609993151429895,0.5609993151429895,0.5514790313043347,0.0,0.5514790313043347,0.5514790313043347
Source_MAIN,operator-disjoint internal,PRIME_NoRisk,5,1002,0.9201925568855713,1.2412670766236366e-16,0.9201925568855712,0.9201925568855714,0.5917659284481103,0.0,0.5917659284481103,0.5917659284481103,0.13861386138613863,0.0,0.13861386138613863,0.13861386138613863,0.02136202506579774,0.0,0.02136202506579774,0.02136202506579774,0.014411822159464707,1.939479807224432e-18,0.014411822159464705,0.014411822159464708,0.50772,0.002701990007383447,0.5043650362843256,0.5110749637156743,0.3314851465644223,0.0,0.3314851465644223,0.3314851465644223,0.5217857083937697,0.0,0.5217857083937697,0.5217857083937697,0.5371210006968502,0.0,0.5371210006968502,0.5371210006968502,0.5508771995191072,0.0,0.5508771995191072,0.5508771995191072,0.5912547451138033,0.0,0.5912547451138033,0.5912547451138033
Source_MAIN,operator-disjoint internal,Random,5,1002,0.9153549013842979,0.0041406823270248964,0.9102135652108324,0.9204962375577633,0.5585961386285601,0.026245574637883382,0.5260079534885304,0.5911843237685898,0.09108910891089109,0.04768948348036553,0.031874794180387946,0.15030342364139423,0.008842921306092908,0.03890162061211708,-0.03945982047975444,0.057145663091940246,0.005913460874032387,0.025725030933889472,-0.026028383889256382,0.03785530563732116,0.5044700000000001,0.016728590795401743,0.48369871106866685,0.5252412889313334,0.3585566549608023,0.026494826156055962,0.32565898318416014,0.39145432673744446,0.45146552638651904,0.041888555176631474,0.3994540154869237,0.5034770372861144,0.48865543377930337,0.04528454222327173,0.4324272480255285,0.5448836195330782,0.5208566355692608,0.026279562870977186,0.488226248463836,0.5534870226746855,0.556951712042519,0.025351326934078194,0.5254738820817807,0.5884295420032574
Source_MAIN,operator-disjoint internal,Ridge_CommonCore,5,1002,0.9134271202729721,0.0,0.9134271202729721,0.9134271202729721,0.5573520547530202,0.0,0.5573520547530202,0.5573520547530202,0.0891089108910891,0.0,0.0891089108910891,0.0891089108910891,-0.005240841649065896,0.0,-0.005240841649065896,-0.005240841649065896,-0.002927402443282163,0.0,-0.002927402443282163,-0.002927402443282163,0.49747,0.002815492852059806,0.4939741038883973,0.5009658961116027,0.3497469737425004,0.0,0.3497469737425004,0.3497469737425004,0.3508387877965362,0.0,0.3508387877965362,0.3508387877965362,0.4631285633408929,0.0,0.4631285633408929,0.4631285633408929,0.5201279425048676,0.0,0.5201279425048676,0.5201279425048676,0.5582773864054285,0.0,0.5582773864054285,0.5582773864054285
